Vendor Parent,Vendor,Amount,Count
Accenture LLP,Accenture,1407060,200
IBM Corporation,IBM,988959,312
IBM Corporation,I.B.M.,183930,48
IBM Corporation,International Business Machines,143019,72
Diebold Nixdorf,Diebold,1273842,240
Verizon,Verizon,1207896,120
Verizon,Verizon Store,12720,24
Verizon,Verizon Store #134,3652,24
Verizon,Verizon - 2125551212,3551,24
Verizon,Verizon #994,2962,24
Verizon,Verizon - 53354,2787,24
Verizon,Verizon - 6465551212,1803,12
Municipalities,City of Boston,482720.4,48
Municipalities,Town of Burlington,255652.8,168
Municipalities,City of Cambridge,245304,48
Municipalities,Town of Waltham,218048,48
NCR,NCR,1152424,528
WPP,WPP Group,1145771,144
Omnicom,BBDO,1145771,144
ISS World,ISS,794335,96
ISS World,ISS Cleaning,309928,240
FIS,FIS,1079482,48
"Boston Properties, Inc.",Boston Properties,492624,24
"Boston Properties, Inc.",Boston Properties (St. Louis),143393,48
"Boston Properties, Inc.",Boston Properties (Seattle),117167,48
"Boston Properties, Inc.",Boston Properties (New York),107189,48
"Boston Properties, Inc.",Boston Properties (Chicago),97269,48
"Boston Properties, Inc.",Boston Properties (Miami),83764,48
Charter Communications,Charter Communications,1008106,96
Cummings Properties LLC,Cummings Properties,547356,24
Cummings Properties LLC,Cummings Park,443672,240
Internal Revenue Service,IRS,945060,8
Interpublic Group,Interpublic,921474,144
Express Couriers,Express Couriers,916798,112
Hill Holiday,Hill Holiday,890398,144
CDW Limited,CDW,731236,624
CDW Limited,CDW Corp,122236,144
Standard Register,Standard Register,843642,96
Boston Edison,Boston Edison,818014,264
HP Inc,HP,797200,240
Loomis,Loomis,742488,120
Employee Expense,Expense Reimbursement,740763,2472
Hilton Hotels,Hilton,429164,528
Hilton Hotels,Doubletree,277067,528
Hilton Hotels,Hilton Chicago,2531,12
DSK Design,DSK Design,692985,88
CBRE,CBRE,691328,240
Vistaprint,Vistaprint,690949,232
AT&T,AT&T,682696,144
Dell EMC,EMC,503362,96
Dell EMC,Dell Computers,109160,216
Dell EMC,Dell,32051,144
Oracle Corporation,Oracle,458317,120
Oracle Corporation,Oracle Systems,162318,96
First Manhattan,First Manhattan,612272,80
Kelly Properties,Kelly Properties,602088,24
TMP Worldwide,TMP Worldwide,599315,72
Initech,Initech,584035,72
Deloitte and Touche LLP,Deloitte,583894,40
CommVault Systems Inc,CommVault Systems,576385,96
Regulus,Regulus,562559,144
Pinncale,Pinncale,561120,24
Comcast Cable Communications Inc,Comcast,556249,48
Arnold Worldwide,Arnold Worldwide,555217,144
Compucom,Compucom,555187,288
TCS Leasing,TCS Leasing,543696,24
PJA Advertising,PJA Advertising,540472,72
Aimco,Aimco,533064,24
RMF Engineering,RMF Engineering,528794,112
General Couriers,General Couriers,510886,48
Teradata,Teradata,499580,96
Marriott Hotels,marriott,420274,1068
Marriott Hotels,fairfield inn,10716,540
Marriott Hotels,residence inn,3060,12
Marriott Hotels,four points 667,2992,12
Marriott Hotels,gaylord national,2987,12
Marriott Hotels,Residence Inn - New York,2906,12
Marriott Hotels,fairfield inn 145,2865,12
Marriott Hotels,Ritz-Carlton San Francisco,2839,12
Marriott Hotels,Residence Inn - Boston,2828,12
Marriott Hotels,hotel jw marriott,2756,12
Marriott Hotels,westin,2745,12
Marriott Hotels,hotel jw marriott Boston,2742,12
Marriott Hotels,gaylord natl,2734,12
Marriott Hotels,gaylord palm 334,2716,12
Marriott Hotels,gaylord national 345,2710,12
Marriott Hotels,Element Sandiego,2694,12
Marriott Hotels,Marriott Chicago,2683,12
Marriott Hotels,ritz carlton,2683,12
Marriott Hotels,gaylord natl 876,2661,12
Marriott Hotels,springhill suites,2657,12
Marriott Hotels,gaylord palm,2632,12
Marriott Hotels,four points,2597,12
Marriott Hotels,Residence Inn - Miami,2571,12
Marriott Hotels,Aloft Lexington,2535,12
Marriott Hotels,Residence Inn - Cleveland,2520,12
Marriott Hotels,jw marriott,2428,12
Tipp Management,Tipp Management,492624,24
Levers Advertising,Levers Advertising,489841,72
Pegasystems,Pegasystems,477007,96
Experian,Experian,469841,96
AllState Leasing,AllState Leasing,469247,24
Eversource,Eversource,464320,264
Herman Miller,Herman Miller,456159,168
Insight Enterprises Limited,PCM Sales,216641,216
Insight Enterprises Limited,Insight,201254,48
Insight Enterprises Limited,PC Mall,38000,16
Johnson Controls International,Johnson Controls,454866,360
Quad Graphics,QuadGraphics,448168,72
Aberdeen Properties,Aberdeen Properties,437892,24
Avaya,Avaya,432908,48
Marketing Mosaic,Marketing Mosaic,431626,72
T-Mobile / Deutsche Telekom,TMobile,213333,24
T-Mobile / Deutsche Telekom,Sprint,210385,24
T-Mobile / Deutsche Telekom,Tmobile #775,3238,24
Camden Property Trust,Camden Property Trust,420828,24
Flagship Press Inc,Flagship Press,414100,72
UPS,UPS,194381,48
UPS,United Parcel Service,111779,48
UPS,U.P.S.,81023,48
UPS,UPS Store,25534,1200
Zone Mechanical Systems,Zone Mechanical Systems,410943,112
BT Services,BT Services,410534,88
Rent a PC,Rent a PC,398361,24
HCL Technologies,HCL Services,393453,48
Pitney Bowes,Pitney Bowes,391445,288
Post Office Square Properties,Post Office Square Properties,383148,24
RJ Services,RJ Services,381692,48
Executive Office Properties,Executive Office Properties,373542,240
Sungard,Sungard,371553,80
Ansys Inc,Ansys,367853,96
Siemens,Siemens,365878,56
FDIC,FDIC,364903,24
Banking Specialists,Banking Specialists,363647,48
Avocent,Avocent,362815,96
KM Chng Environmental,KM Chng Environmental,360044,40
Garda,Garda,358407,120
State Street,State Street,358253,72
Epsilon,Epsilon,353062,144
State of Massachusetts,Mass Dept of Revenue,346336,8
Hyatt Corporation,Hyatt,344871,528
BOYDS DIRECT,Boyd Direct,338719,120
Lumen Technologies,Level 3,333532,48
Palo Alto Networks,Palo Alto Networks,332441,144
MCKINSEY & COMPANY INC,McKinsey and Company,330877,48
PNC Financial Services,PNC Bank,193776,96
PNC Financial Services,PNC,134868,24
Boston Interiors,Boston Interiors,320725,112
VMware,VM Ware,319832,96
Liebert,Liebert,314603,248
Alitho,Alitho,310476,16
Sherman Printing,Sherman Printing,307724,16
Vantage Builders,Vantage Builders,299584,8
Titan Systems,Titan Systems,299368,8
Ernst & Young,Ernst and young,294337,32
LBJ Services,LBJ Services,294337,32
American Airlines,US Airways,182815,528
American Airlines,American Airlines,89342,528
American Airlines,AA.com,17041.05,106
Yantek Enterprises,Yantek Enterprises,283015,72
M&L Cleaning,M&L Cleaning,282787,48
Bell Properties,Bell Properties,280560,24
Sun Financial,Sun Financial,278996,24
HH125 Partners,HH125 Partners,273684,24
Prism Software,Prism Software,272823,72
Siebel Systems,Siebel Systems,271846,48
Otis Elevator Co,Otis Elevator,267639,240
Vineyard Property Specialists,Vineyard Property Specialists,266796,40
Adecco,Modis,165539,48
Adecco,Adecco,100486,216
APC Services,APC Services,260948,48
Regal Press,Regal Press,254982,88
Colliers International,Colliers International,252504,24
Riverstone,Riverstone,252504,24
BMC Software,BMC Software,251110,48
Simply Hired,Simply Hired,249020,72
Millogic,Millogic,248140,16
Western Interiors,Western Interiors,245954,16
Equifax LTD,Equifax,239392,96
National Grid,National Grid,238666,144
Egon Zehnder,Egon Zehnder,236660,80
Roome & Guarracino,Roome & Guarracino,236399,8
Pureground Engineering,Pureground Engineering,231748,8
MI Bank,MI Bank,230010,48
Xerox,Xerox,224669,288
Crossman,Crossman,224448,24
Lincoln Property,Lincoln Property (Portland),117167,48
Lincoln Property,Lincoln Property (New York),107189,48
CISCO SYSTEMS,Cisco,222988,96
Office Design Services,Office Design Services,220039,136
"Cadwalader, Wickersham & Taft",Cadwalider,219783,24
State of Connecticut,Connecticut Dept of Revenue,219348,8
Absolute Trust Couriers,Absolute Trust Couriers,218731,48
Bloomberg,Bloomberg,208846,48
Zendesk,Zendesk,207629,96
Navient,Navient,207032,48
Aquarius,Aquarius,206241,48
Automatic Data Processing,ADP,202370,48
Avid,Avid,201000,72
Microsoft Corporation,Microsoft,199015,72
Hogan Systems,hogan Systems,198152,48
Delta Airlines,Delta,197908,528
"Skadden, Arps, Slate, Meagher & Flom",Skadden Arps,196923,24
Robert Half Ltd,Robert Half,130007,264
Robert Half Ltd,Accountemps,61432,448
Robert Half Ltd,Accoun Temps,2606,192
Robert Half Ltd,Account Temps,517,39
Bank Of New York Mellon,Mellon,193776,96
JET MAIL SERVICES INC,Jet Mail Services,191271,72
Guru,Guru,190484,72
IRON MOUNTAIN LTD,Iron Mountain,190434,48
JV Engineering,JV Engineering,186280,8
FedEx,Federal Express,77464,48
FedEx,FedEx,58205,48
FedEx,FedEx Freight,19758,48
FedEx,Fed Exp,15105,256
FedEx,Fed Expr,8280,192
FedEx,FedEx Downtown,5167,144
Navillus Construction,Navillus Construction,181671,40
Allen and Overy,Allen and Overy,180367,24
Canon Business Solutions,Canon,179752,288
Thomson Reuters,Thompson Reuters,133039,48
Thomson Reuters,Reuters,44690,48
State of Rhode Island,Rhode Island Dept of Revenue,173168,8
Ricoh Americas,Ricoh,170183,312
Vital Data management,Vital Data management,166817,120
Veritas,Veritas,164915,48
Freedom Staffing,Freedom Staffing,164384,48
NWC,NWC,164208,24
Proudkinn Services,Proudkinn Services,163229,240
Speedy Delivery,Speedy Delivery,162639,48
Tech Services Agency,Tech Services Agency,155766,72
CSC,CSC,155225,48
JRM Hauling,JRM Hauling,154481,120
Super Shopper,Super Shopper,154381,72
Northeast Office Solutions,Northeast Office Solutions,150936,288
White & Case,White and Case,149155,24
Chubb Limited,Chubb,146387,120
Mass Printers Services,Mass Printers Services,142970,72
Northern Equipment,Northern Equipment,140877,240
VSP,VSP,140284,24
Manpower,Manpower,137812,720
Fiserv,FIServ,134724,48
KPMG,KPMG,134627,28
Softserve,Softserve,134215,48
Davis Polk,Davis Polk,134169,24
Aramark Corp,Aramark,130793,48
Sullivan and Cromwell,Sullivan and Cromwell,130434,24
Judge Group,Judge Group,128250,48
Premier Mailing Services,Premier Mailing Services,126834,72
PC Direct,PC Direct,126057,144
FMX,FMX,124994,120
"Dunbar Armored, Inc.",Dunbar,123090,120
Kelly,Kelly,122109,792
Securitas Security Services,Securitas,119852,120
Delta Dental,Delta Dental,118490,24
Uline,Uline,117347,120
Federal Heating Systems,Federal Heating Systems,115923,8
Harrison Dental,Harrison Dental,115695,24
NIIT,NIIT,114478,96
Morgan Lewis,Morgan Lewis,114211,24
American Express,American Express Travel,113939,528
Axway,Axway,111736,96
Principal Solutions,Principal Solutions,110329,48
Sirius Cybernetics,Sirius Cybernetics,110064,72
TCS,TCS,109916,72
Downtown Trucking,Downtown Trucking,109187,48
Crucial Memory,Crucial Memory,108883,72
Oce,Oce,108420,288
Ropes and Gray,Ropes and Gray,107293,24
Hitachi Vantara,Hitachi Data Systems,106533,32
Standard & Poors,Standard and Poors,106259,48
PPR Leasing,PPR Leasing,106244,24
Dunn's Escalator Services,Dunn's Escalator Services,105958,240
ADT Fire and Security Plc,ADT,105383,120
D&B,D&B,99504,144
MSA Staffing,MSA Staffing,97701,216
Amazon.com,Amazon,80405,96
Amazon.com,Amazon Prime,16958,20
Southwest Airlines,Southwest,96764,528
Pyramid Consulting,Pyramid Consulting,95430,36
Stefanini Systems,Stefanini Systems,95426,60
Blackbox,Blackbox,94541,16
ADOBE SYSTEMS INC,Adobe,93983,72
Eversheds,Eversheds,92753,24
Allied Barton Security Service,Allied Barton,92126,120
Arnold and Porter,Arnold and Porter,92024,24
Milbank Tweed Hadley McCloy,Milbank Tweed Hadley McCloy,91430,24
Mainline Copiers,Mainline Copiers,90851,288
Chase,Chase,89843,24
Lee Carpet,Lee Carpet,88511,144
Spherion,Spherion,87945,216
Softworks,Softworks,87598,72
PC Repairs,PC Repairs,87489,144
CITIBANK NA,Citigroup,87481,24
Unisys Corporation,Unisys,87182,48
FasTrak,Fastrak,87028,120
Telus,Telus,86710,48
Miratech,Miratech,86177,48
NU systems,NU systems,85855,272
Syntel,Syntel,85173,48
WNS Global Services,WNS Global Services,84713,48
United Airlines,United Airlines,84358,528
Enpointe,Enpointe,83976,216
JD Heating,JD Heating,83485,240
Tiger Direct Inc,Tiger Direct,82144,72
Carlson Wagonlit,Carlson Travel,81889,528
Fedex Kinkos,Kinkos,66621,288
Fedex Kinkos,FedEx Kinkos,14925,256
GARTNER INC,Gartner,66845,120
GARTNER INC,Gartner Group,14040,144
Annette's Telecom Services,Annette's Telecom Services,80837,24
Kaspersky Lab,Kaspersky Labs,80329,24
FRONTIER LLC,Frontier,80253,48
Bryan Cave,Bryan Cave,79986,24
Transunion,Transunion,79834,96
Digitax,Digitax,79789,96
SMS Consulting,SMS Consulting,78338,48
ODP Business Solutions,Office Max,77686,2700
Staples Inc,Staples,77620,1998
Cornerstone Staffing,Cornerstone Staffing,77355,216
ARROW SECURITY CO INC,Arrow Security,76862,192
JDA Software,JDA Software,75789,24
FD Systems,FD Systems,73361,272
GJD Equipment,GJD Equipment,72374,240
Shaggy Stories,Shaggy Stories,71989,64
Mindseeker,Mindseeker,71576,42
Systemhouse,Systemhouse,71571,30
Staffing Now,Staffing now,70263,216
NortonLifeLock Inc,Symantec,70082,72
Brady Temps,Brady Temps,70056,448
Accent Printing,Accent Printing,68741,24
Vendor 512,Vendor 512,67380,120
Vendor 55512,Vendor 55512,67380,120
Catalyst On-Line,Catalyst On-Line,66846,96
Eastern Envelopes,Eastern Envelopes,66372,120
Triad Services,Triad Services,66278,96
Vendor 513,Vendor 513,65670,120
Vendor 55513,Vendor 55513,65670,120
AS Promo Products,AS Promo Products,64115,24
Massachusetts Water Resources Authority,MWRA,63097,120
Enetic Systems,Enetic Systems,62550,272
Freehills,Freehills,60724,24
GSS Security,GSS Security,60268,192
Carpet World,Carpet World,59565,64
Becky's Business Travel,Becky's Business Travel,59460,528
Clayton Utz,Clayton Utz,59003,24
Vendor 328,Vendor 328,59000,48
Vendor 325,Vendor 325,58280,48
First Data Corp,First Data Corp,58058,48
Mission Envelopes,Mission Envelopes,54322,120
Micro Center,Microcenter,54194,72
Tower Group,Tower Group,53893,48
Dow Jones Co Inc,Dow Jones,53402,48
Brookline Equipment,Brookline Equipment,52749,24
Amsterdam Printing,Amsterdam Printing,51872,24
Zeno Group,Zeno Group,51793,144
Banking Training Specialists,Banking Training Specialists,51087,504
Vodafone Pty Limited,Vodaphone,50818,72
Arlington Data Systems,Arlington Data Systems,50701,272
Hunter PR,Hunter PR,50427,144
ABA,ABA,50314,48
Dayforce,Ceridian Corp,50103,96
Regulatory Training Company,Regulatory Training Company,49724,144
Vendor 313,Vendor 313,49208,48
Vendor 55313,Vendor 55313,49208,48
Vendor 323,Vendor 323,49176,48
Vendor 319,Vendor 319,49152,48
Vendor 55319,Vendor 55319,49152,48
Vendor 310,Vendor 310,48252,24
Vendor 55310,Vendor 55310,48252,24
Cyber Coders,Cyber Coders,48105,72
Vendor 322,Vendor 322,47720,48
Oceanic Airlines,Oceanic Airlines,47633,528
Cassi Security,Cassi Security,47625,48
MTech,MTech,47563,168
RECALL TOTAL INFORMATION MANAGEMENT,Recall,46735,48
Executive Storage Systems,Executive Storage Systems,45493,48
O3b Networks,O3b Networks,43342,48
West End Equipment,West End Equipment,42819,24
Vendor 318,Vendor 318,42768,48
Vendor 55318,Vendor 55318,42768,48
Verint,Verint,42724,32
Lexis Nexis,Reed Elsevier,34283,48
Lexis Nexis,Lexis/Nexis,8411,72
Vendor 329,Vendor 329,42460,48
Tyler Technologies,Tyler Technologies,41622,32
SparkPR,SparkPR,41480,144
Vendor 315,Vendor 315,41160,48
Vendor 55315,Vendor 55315,41160,48
Adventure Travel,Adventure Travel,40924,528
Vendor 317,Vendor 317,40832,48
Vendor 55317,Vendor 55317,40832,48
W.W. Grainger,Grainger,40575,24
Vendor 309,Vendor 309,39444,24
Vendor 327,Vendor 327,39440,48
Boston Trainers,Boston Trainers,39245,144
Vendor 324,Vendor 324,38844,48
Olsten,Olsten,38457,432
Vendor 316,Vendor 316,37452,48
Vendor 55316,Vendor 55316,37452,48
Branders,Branders,37275,24
Hewitt,Hewitt,37206,24
PAN Communications,PAN Communications,36777,144
Zentay Products,Zentay Products,36648,48
Colonial Systems,Colonial Systems,36288,272
Vendor 312,Vendor 312,36064,48
Vendor 55312,Vendor 55312,36064,48
Crestline,Crestline,35061,24
Vendor 321,Vendor 321,34936,48
Nway Solutions,Nway Solutions,34066,272
Reksoft,Reksoft,33956,32
NEWEGG.COM,Newegg.com,33955,24
Veritec Solutions,Veritec Solutions,33765,272
Vendor 311,Vendor 311,33576,48
Vendor 55311,Vendor 55311,33576,48
Somerville Water,Somerville Water,31960,120
Vendor 314,Vendor 314,30636,48
Vendor 55314,Vendor 55314,30636,48
GP Solutions,GP Solutions,29712,32
Vendor 326,Vendor 326,29692,48
Datalink,Datalink,28982,96
Red Hat,Redhat,28139,80
Vendor 156,Vendor 156,27777,24
Vendor 258,Vendor 258,27758,64
Direct to One Mailing,Direct to One Mailing,27590,48
CA Technologies,CA Technologies,26809,16
Keppler OnLine,Keppler OnLine,26809,96
Wolters Kluwer,Wolters Kluwer,26663,48
Northern Printers,Northern Printers,26353,120
S&P,S&P,26250,144
RSA,RSA,26248,96
JLS Mailing,JLS Mailing,26119,48
SALESFORCE.COM,Salesforce,26069,96
GGK Equipment,GGK Equipment,26012,24
SAP SE,SAP,25962,96
AVERY DENNISON,Avery Dennison,25941,120
Vendor 257,Vendor 257,25781,64
Vendor 689,Vendor 689,24976,8
Globalend Mortgage,Globalend Mortgage,24708,12
ePromos,ePromos,24580,10
Best Staff Recruiting,Best Staff Recruiting,24561,1
Metropark Parking,Metro Parking,23637,216
Poland Springs,Poland Springs,23562,240
Vendor 456,Vendor 456,23496,24
Vendor 690,Vendor 690,23474,8
Kidde Systems,Kidde Systems,23380,168
Step Stone,Step Stone,23315,12
Pearshaped Systems,Pearshaped Systems,23022,272
Vendor 693,Vendor 693,22932,8
Vendor 696,Vendor 696,22895,8
Vendor 698,Vendor 698,22895,8
Vendor 692,Vendor 692,22845,8
Vendor 155,Vendor 155,22628,24
Vendor 256,Vendor 256,22323,64
Rewards Travel,Rewards Travel,21886,528
Vendor 463,Vendor 463,21600,24
West Hartford Recruiting,West Hartford Recruiting,21512,1
American Printing & Envelope,American Printing & Envelope,21358,120
Kendall Process,Kendall Process,21288,48
Access National Mortgage,Access National mortgage,20876,12
Kemper Leasing,Kemper Leasing,20597,24
Clerktemps,Clerktemps,20398,360
Vendor 459,Vendor 459,20316,24
Bd Appraisals LLC,Bd Appraisals LLC,19582,24
Vendor 691,Vendor 691,19577,8
Hertz Corporation,Hertz,19568,528
ACHJ Services,ACHJ Services,19187,24
Vendor 485,Vendor 485,19032,24
Fine Corporate Dining,Fine Corporate Dining,19014,48
Vendor 695,Vendor 695,18941,8
Vendor 457,Vendor 457,18900,24
Boston Placements,Boston Placements,18864,216
Monster.com,Monster.com,18554,360
Vendor 453,Vendor 453,18468,24
Vendor 154,Vendor 154,18449,24
Vendor 506,Vendor 506,18444,24
National City Mortgage,National City Mortgage,18386,12
American Cancer Society,American Cancer Society,18122,64
Vendor 649,Vendor 649,18038,8
Bemis,Bemis,17944,120
Central Parking,Central Parking,17822,216
GMH Mortgage,GMH Mortgage,17808,24
Vendor 886,Vendor 886,17702,48
Vendor 885,Vendor 885,17622,48
Vendor 624,Vendor 624,17525,8
Vendor 255,Vendor 255,17456,64
Vendor 889,Vendor 889,17377,48
Vendor 478,Vendor 478,17220,24
Vendor 480,Vendor 480,17148,24
Vendor 466,Vendor 466,16872,24
United Way,United Way,16840,64
Vendor 498,Vendor 498,16788,24
Vendor 472,Vendor 472,16596,24
Vendor 509,Vendor 509,16500,24
Vendor 139,Vendor 139,16492,24
Vendor 640,Vendor 640,16416,8
Vendor 875,Vendor 875,16238,48
Vendor 507,Vendor 507,16236,24
Avis Budget Group,Avis,16214,528
Vendor 486,Vendor 486,16188,24
Marsh & McLennan,Marsh McClennan,16101,24
Vendor 487,Vendor 487,16044,24
Vendor 153,Vendor 153,15596,24
Vendor 874,Vendor 874,15518,48
Vendor 883,Vendor 883,15380,48
Vendor 477,Vendor 477,15204,24
Vendor 511,Vendor 511,15144,24
Vendor 55511,Vendor 55511,15144,24
Vendor 881,Vendor 881,15061,48
Vendor 890,Vendor 890,14788,48
Vendor 622,Vendor 622,14764,8
Vendor 643,Vendor 643,14720,8
Vendor 876,Vendor 876,14600,48
Dollar,Dollar,14520,528
Vendor 501,Vendor 501,14472,24
Vendor 888,Vendor 888,14467,48
Vendor 497,Vendor 497,14424,24
Vendor 467,Vendor 467,14268,24
Merrimack Mortgage,Merrimack Mortgage,14250,24
Vendor 510,Vendor 510,14244,24
Vendor 55510,Vendor 55510,14244,24
Vendor 879,Vendor 879,14207,48
Vendor 320,Vendor 320,14070,12
Vendor 254,Vendor 254,13906,64
Vendor 454,Vendor 454,13884,24
Vendor 629,Vendor 629,13828,8
Quality Logo Products Inc,Quality Logo Products,13816,10
Vendor 476,Vendor 476,13800,24
Qlik Technologies,Qlik Technologies,13784,16
Vendor 460,Vendor 460,13716,24
Vendor 491,Vendor 491,13692,24
Vendor 468,Vendor 468,13620,24
Vendor 138,Vendor 138,13612,24
Wilcox,Wilcox,13487,10
Vendor 631,Vendor 631,13365,8
Vendor 474,Vendor 474,13356,24
Vendor 492,Vendor 492,13344,24
Vendor 632,Vendor 632,13205,8
Vendor 641,Vendor 641,13171,8
Vendor 500,Vendor 500,13152,24
Vendor 450,Vendor 450,13056,24
JRP Associates,JRP Associates,12968,24
Greater Boston Appraisal Group LLC,Greater Boston Appraisal Group LLC,12947,24
Vendor 688,Vendor 688,12894,4
Vendor 152,Vendor 152,12869,24
Leader Mortgage Company,Leader Mortgage Company,12822,24
Vendor 494,Vendor 494,12792,24
Vendor 884,Vendor 884,12785,48
Vendor 464,Vendor 464,12780,24
Berry Temps,Berry Temps,12712,424
Vendor 621,Vendor 621,12641,8
Vendor 253,Vendor 253,12440,64
Vendor 865,Vendor 865,12397,24
Quest,Quest,12371,24
Vendor 638,Vendor 638,12258,8
Vendor 452,Vendor 452,12252,24
Vendor 877,Vendor 877,12233,48
Vendor 505,Vendor 505,12132,24
Vendor 609,Vendor 609,12082,8
Vendor 880,Vendor 880,12072,48
Vendor 882,Vendor 882,11998,48
Vendor 650,Vendor 650,11952,8
Vendor 978,Vendor 978,11840,528
Vendor 469,Vendor 469,11784,24
Vendor 458,Vendor 458,11700,24
Vendor 462,Vendor 462,11604,24
Vendor 633,Vendor 633,11572,8
Vendor 455,Vendor 455,11532,24
Dailey Appraisal Associates,Dailey Appraisal Associates,11495,24
Dunder Mifflin,Dunder Mifflin,11422,525
Mindshift,Mindshift,11390,48
Vendor 151,Vendor 151,11386,24
Vendor 504,Vendor 504,11364,24
SKALKO JOHN J.,SKALKO JOHN J.,11277,24
Vendor 473,Vendor 473,11268,24
Vendor 852,Vendor 852,11259,24
Vendor 481,Vendor 481,11256,24
Vendor 493,Vendor 493,11256,24
ABB Security,ABB Security,11193,120
Vendor 878,Vendor 878,11070,48
Vendor 137,Vendor 137,11067,24
Vendor 470,Vendor 470,11040,24
Vendor 465,Vendor 465,10992,24
Vendor 490,Vendor 490,10968,24
Vendor 635,Vendor 635,10889,8
Vendor 503,Vendor 503,10872,24
Vendor 252,Vendor 252,10855,64
Vendor 873,Vendor 873,10836,48
Vendor 488,Vendor 488,10800,24
Vendor 495,Vendor 495,10776,24
Vendor 461,Vendor 461,10740,24
Vendor 860,Vendor 860,10733,24
Vendor 977,Vendor 977,10707,528
Vendor 636,Vendor 636,10585,8
Quill,Quill,10573,171
Northshore Mortgage,Northshore Mortgage,10548,12
Vendor 987,Vendor 987,10406,528
Vendor 634,Vendor 634,10399,8
General Business Services,General Business Services,10392,24
4imprint Inc,4imprint,10346.56,10
Vendor 475,Vendor 475,10224,24
Vendor 863,Vendor 863,10212,24
Vendor 854,Vendor 854,10208,24
Vendor 644,Vendor 644,10172,4
City Staffing,City Staffing,10171,120
Vendor 623,Vendor 623,10129,8
Vendor 869,Vendor 869,10102,24
Norwood Promotional Products,Norwood Promotional Products,10077,48
Vendor 780,Vendor 780,9951,144
Vendor 851,Vendor 851,9894,24
Vendor 471,Vendor 471,9888,24
Vendor 1002,Vendor 1002,9868,528
Vendor 990,Vendor 990,9790,528
Vendor 136,Vendor 136,9773,24
Vendor 508,Vendor 508,9684,24
Carol Luddecke,Carol Luddecke,9666,12
Enterprise Fleet Services,Enterprise,9662,528
Vendor 502,Vendor 502,9660,24
Vendor 988,Vendor 988,9660,528
Vendor 639,Vendor 639,9655,8
Vendor 338,Vendor 338,9641,240
Vendor 697,Vendor 697,9586,3
Vendor 997,Vendor 997,9579,528
Vendor 496,Vendor 496,9492,24
Vendor 645,Vendor 645,9475,4
Vendor 887,Vendor 887,9388,48
Vendor 150,Vendor 150,9358,24
Vendor 773,Vendor 773,9320,144
Massachusetts Real Estate Advisors,Massachusetts Real Estate Advisors,9208,24
Vendor 992,Vendor 992,9202,528
D & L Appraisals,D & L Appraisals,9122,24
Vendor 341,Vendor 341,9116,240
Vendor 483,Vendor 483,9084,24
Vendor 73,Vendor 73,9063,24
Vendor 853,Vendor 853,9046,24
Vendor 364,Vendor 364,8984,240
Vendor 862,Vendor 862,8947,24
Vendor 10,Vendor 10,8825,240
Vendor 891,Vendor 891,8807,48
Vendor 484,Vendor 484,8784,24
Vendor 479,Vendor 479,8748,24
Vendor 864,Vendor 864,8683,24
Vendor 861,Vendor 861,8676,24
Vendor 628,Vendor 628,8652,8
Vendor 365,Vendor 365,8624,240
Vendor 499,Vendor 499,8616,24
Vendor 857,Vendor 857,8611,24
Vendor 619,Vendor 619,8578,8
"Wells Fargo Bank, NA",Wells Fargo,8550,24
Vendor 648,Vendor 648,8517,8
Vendor 626,Vendor 626,8516,8
Vendor 999,Vendor 999,8499,528
Vendor 344,Vendor 344,8469,240
Vendor 2,Vendor 2,8403,240
Expertus,Expertus,8396,48
Vendor 356,Vendor 356,8388,240
Vendor 1003,Vendor 1003,8375,528
Willis Towers Watson,Tower Perrins,8371,144
Vendor 336,Vendor 336,8274,240
Lionbridge,Lionbridge,8236,48
Union Office Supplies,Union Office Supplies,8222,171
Vendor 794,Vendor 794,8170,144
Vendor 795,Vendor 795,8154,144
Vendor 694,Vendor 694,8103,3
Vendor 99,Vendor 99,8069,24
Vendor 939,Vendor 939,8060,528
Vendor 784,Vendor 784,8030,144
Vendor 996,Vendor 996,8023,528
Vendor 858,Vendor 858,7980,24
Toner World,Toner World,7977,108
Vendor 789,Vendor 789,7973,144
Vendor 74,Vendor 74,7942,24
Rent to Kill,Rent to Kill,7937,120
Vendor 8,Vendor 8,7924,240
Vendor 998,Vendor 998,7916,528
Ross Mortgage,Ross Mortgage,7908,12
McGill Appraisals,McGill Appraisals,7887,24
Anniemac Home Mortgage,Anniemac Home Mortgage,7842,24
Vendor 980,Vendor 980,7823,528
Sixt SE,Sixt,7809,528
Vendor 1,Vendor 1,7777,240
Vendor 871,Vendor 871,7748,24
Vendor 991,Vendor 991,7716,528
Vendor 790,Vendor 790,7693,144
"Curns Vernet & Associates, Inc.","Curns Vernet & Associates, Inc.",7689,24
Long Real Estate Appraisers,Long Real Estate Appraisers,7572,24
Vendor 976,Vendor 976,7571,528
Vendor 868,Vendor 868,7560,24
Vendor 3,Vendor 3,7556,240
Vendor 850,Vendor 850,7543,24
Vendor 358,Vendor 358,7541,240
Vendor 7,Vendor 7,7540,240
Vendor 345,Vendor 345,7494,240
Vendor 135,Vendor 135,7475,24
Peckham Appraisal Services,Peckham Appraisal Services,7423,24
Vendor 1006,Vendor 1006,7415,528
Vendor 250,Vendor 250,7373,64
Vendor 173,Vendor 173,7355,12
Vendor 938,Vendor 938,7333,528
National Car Rental,National Car Rental,7304,528
Vendor 856,Vendor 856,7286,24
Vendor 984,Vendor 984,7286,528
Vendor 781,Vendor 781,7270,144
Vendor 786,Vendor 786,7267,144
Vendor 1001,Vendor 1001,7257,528
Vendor 359,Vendor 359,7232,240
Vendor 608,Vendor 608,7204,8
Vendor 81,Vendor 81,7200,24
Vendor 160,Vendor 160,7192,12
Vendor 620,Vendor 620,7184,8
Vendor 941,Vendor 941,7169,528
Vendor 149,Vendor 149,7133,24
National City,National City,7122,24
Informatica,Informatica,7106,48
Vendor 5320,Vendor 5320,7035,6
Vendor 6320,Vendor 6320,7035,6
Vendor 347,Vendor 347,7032,240
Vendor 612,Vendor 612,7032,8
Vendor 985,Vendor 985,7010,528
Vendor 76,Vendor 76,6994,24
Vendor 627,Vendor 627,6992,8
Vendor 611,Vendor 611,6990,8
Vendor 2688,Vendor 2688,6979,2
Vendor 79,Vendor 79,6938,24
Vendor 9,Vendor 9,6924,240
Vendor 158,Vendor 158,6901,12
Vendor 993,Vendor 993,6872,528
Vendor 192,Vendor 192,6865,12
Vendor 80,Vendor 80,6822,24
Vendor 1644,Vendor 1644,6771,4
Vendor 779,Vendor 779,6733,144
Vendor 986,Vendor 986,6726,528
Central Banking Monthly,Central Banking Monthly,6694,48
Vendor 75,Vendor 75,6689,24
LC Staffing,LC Staffing,6683,120
Vendor 1320,Vendor 1320,6644,6
Vendor 2320,Vendor 2320,6644,6
Vendor 3320,Vendor 3320,6644,6
Vendor 4320,Vendor 4320,6644,6
Vendor 98,Vendor 98,6611,24
Vendor 1645,Vendor 1645,6594,4
Vendor 859,Vendor 859,6581,24
Vendor 872,Vendor 872,6571,24
Vendor 187,Vendor 187,6550,12
Winchester Florists,Winchester Florists,6547,120
Vendor 157,Vendor 157,6541,12
Vendor 776,Vendor 776,6491,144
Vendor 482,Vendor 482,6468,24
SALAM ADNAN,SALAM ADNAN,6457,12
Vendor 251,Vendor 251,6408,64
Vendor 353,Vendor 353,6354,240
Vendor 293,Vendor 293,6347,4
Vendor 5,Vendor 5,6335,240
Vendor 343,Vendor 343,6329,240
Vendor 610,Vendor 610,6327,8
Vendor 202,Vendor 202,6326,12
Vendor 788,Vendor 788,6323,144
Vendor 4,Vendor 4,6309,240
Vendor 165,Vendor 165,6295,12
Vendor 78,Vendor 78,6270,24
Vendor 183,Vendor 183,6268,12
Vendor 792,Vendor 792,6267,144
Vendor 179,Vendor 179,6257,12
Vendor 630,Vendor 630,6254,8
Vendor 355,Vendor 355,6239,240
Vendor 77,Vendor 77,6199,24
Vendor 866,Vendor 866,6180,24
Vendor 6,Vendor 6,6176,240
Vendor 342,Vendor 342,6170,240
Vendor 206,Vendor 206,6151,12
Vendor 186,Vendor 186,6140,12
Vendor 351,Vendor 351,6129,240
Vendor 989,Vendor 989,6124,528
Vendor 363,Vendor 363,6108,240
Vendor 134,Vendor 134,6094,24
Vendor 793,Vendor 793,6061,144
Vendor 949,Vendor 949,5992,528
SEGIEN CRAIG R.,SEGIEN CRAIG R.,5991,12
Vendor 973,Vendor 973,5991,528
Vendor 197,Vendor 197,5979,12
Vendor 182,Vendor 182,5975,12
Vendor 950,Vendor 950,5975,528
Vendor 1004,Vendor 1004,5966,528
Minuteman Programming,Minuteman Programming,5965,2
Vendor 362,Vendor 362,5947,240
Vendor 489,Vendor 489,5940,24
Vendor 148,Vendor 148,5923,24
Vendor 185,Vendor 185,5902,12
Central Square Florist,Central Square Florist,5897,120
City Office Supplies,City Office Supplies,5889,108
Vendor 191,Vendor 191,5889,12
Vendor 177,Vendor 177,5868,12
Vendor 967,Vendor 967,5850,528
Vendor 172,Vendor 172,5777,12
Vendor 360,Vendor 360,5766,240
Vendor 436,Vendor 436,5756,40
Vendor 1697,Vendor 1697,5745,2
Vendor 167,Vendor 167,5737,12
Vendor 942,Vendor 942,5666,528
Vendor 211,Vendor 211,5657,12
G&J Manfra Real Estate Appraisals Inc.,G&J Manfra Real Estate Appraisals Inc.,5649,24
Vendor 334,Vendor 334,5648,240
Vendor 366,Vendor 366,5648,240
SAEED SHABNAM,SAEED SHABNAM,5642,12
Vendor 1000,Vendor 1000,5639,528
ROSS BENJAMIN E.,ROSS BENJAMIN E.,5630,12
Vendor 386,Vendor 386,5622,80
Vendor 954,Vendor 954,5619,528
Vendor 448,Vendor 448,5604,40
Vendor 867,Vendor 867,5600,24
Vendor 193,Vendor 193,5591,12
Vendor 97,Vendor 97,5591,24
Vendor 383,Vendor 383,5587,80
Journal of Banking,Journal of Banking,5579,48
Vendor 625,Vendor 625,5579,8
SAVAGE MARK T.,SAVAGE MARK T.,5577,12
Vendor 430,Vendor 430,5560,40
Vendor 208,Vendor 208,5551,12
Vendor 249,Vendor 249,5521,64
Vendor 247,Vendor 247,5517,64
SAFNER MARC S.,SAFNER MARC S.,5505,12
Vendor 445,Vendor 445,5502,40
Vendor 979,Vendor 979,5494,528
Vendor 1694,Vendor 1694,5483,2
Vendor 965,Vendor 965,5475,528
Vendor 161,Vendor 161,5470,12
Future Staff,Future Staff,5464,120
Vendor 209,Vendor 209,5458,12
Vendor 959,Vendor 959,5454,528
Vendor 175,Vendor 175,5453,12
Vendor 199,Vendor 199,5426,12
Vendor 787,Vendor 787,5426,144
Vendor 428,Vendor 428,5419,40
Vendor 783,Vendor 783,5412,144
Vendor 1005,Vendor 1005,5377,528
SANTOS MATHEW J.,SANTOS MATHEW J.,5373,12
WB Mason,W.B Mason,5346,171
Vendor 171,Vendor 171,5340,12
Vendor 982,Vendor 982,5339,528
Vendor 133,Vendor 133,5321,24
Woburn Equipment,Woburn Equipment,5308,288
Vendor 775,Vendor 775,5292,144
Vendor 441,Vendor 441,5290,40
Vendor 162,Vendor 162,5287,12
DFC Mortgage,DFC Mortgage,5274,12
Vendor 782,Vendor 782,5263,144
Vendor 180,Vendor 180,5253,12
Vendor 163,Vendor 163,5236,12
Vendor 791,Vendor 791,5224,144
MOULTON VINCENT S.,MOULTON VINCENT S.,5218,12
Integrity Appraisals,Integrity Appraisals,5208,24
Vendor 159,Vendor 159,5181,12
Vendor 357,Vendor 357,5180,240
Vendor 200,Vendor 200,5176,12
University Stationery,University Stationery,5162,171
Vendor 447,Vendor 447,5154,40
Vendor 340,Vendor 340,5144,240
Vendor 203,Vendor 203,5139,12
Vendor 176,Vendor 176,5129,12
Vendor 637,Vendor 637,5129,8
Talentmine,Talentmine,5126,48
MCCABE ERIN,MCCABE ERIN,5125,12
Vendor 785,Vendor 785,5106,144
PERRIZO ROSE M.,PERRIZO ROSE M.,5085,12
Vendor 434,Vendor 434,5075,40
Insight Global,Insight Global,5060,120
Vendor 587,Vendor 587,5056,48
Vendor 30,Vendor 30,5055,120
Vendor 439,Vendor 439,5033,40
Vendor 646,Vendor 646,5030,8
Vendor 212,Vendor 212,5029,12
Vendor 354,Vendor 354,5025,240
Vendor 147,Vendor 147,5000,24
Vendor 330,Vendor 330,4988,240
Vendor 189,Vendor 189,4986,12
US Tech Solutions,US Tech Solutions,4980,48
Vendor 440,Vendor 440,4980,40
FTD,FTD,4972,120
Vendor 778,Vendor 778,4971,144
Vendor 433,Vendor 433,4953,40
ORNSTEDT BRIAN D.,ORNSTEDT BRIAN D.,4937,12
MCKINNEY PAMELA S.,MCKINNEY PAMELA S.,4920,12
Vendor 642,Vendor 642,4908,8
MCCORMICK NORAH,MCCORMICK NORAH,4905,12
LDJ Appraisals,LDJ Appraisals,4895,24
Vendor 870,Vendor 870,4885,24
MONAHAN JAMES E.,MONAHAN JAMES E.,4884,12
NTT Systems,NTT Systems,4869,48
Vendor 449,Vendor 449,4862,40
Vendor 380,Vendor 380,4860,80
Vendor 995,Vendor 995,4857,519
PowerHouse Services,PowerHouse Services,4836,12
Vendor 210,Vendor 210,4818,12
Vendor 184,Vendor 184,4806,12
Vendor 352,Vendor 352,4783,240
Vendor 213,Vendor 213,4777,12
Main Street Supplies,Main Street Supplies,4774,216
Vendor 207,Vendor 207,4770,12
Vendor 168,Vendor 168,4751,12
QUEALY ROBERT S.,QUEALY ROBERT S.,4744,12
Vendor 204,Vendor 204,4736,12
O'SULLIVAN SANDRA L.,O'SULLIVAN SANDRA L.,4730,12
Vendor 198,Vendor 198,4727,12
Vendor 132,Vendor 132,4710,24
Vendor 301,Vendor 301,4697,4
Vendor 429,Vendor 429,4669,40
Vendor 968,Vendor 968,4669,528
Vendor 4832,Vendor 4832,4668,1
New England Coffee,New England Coffee,4648,120
Vendor 981,Vendor 981,4645,528
Vendor 262,Vendor 262,4640,4
Vendor 376,Vendor 376,4628,80
Vendor 361,Vendor 361,4613,240
Vendor 972,Vendor 972,4607,528
Vendor 375,Vendor 375,4604,80
Vendor 983,Vendor 983,4586,528
Vendor 164,Vendor 164,4578,12
Vendor 174,Vendor 174,4544,12
Vendor 855,Vendor 855,4516,24
Vendor 373,Vendor 373,4506,80
Vendor 350,Vendor 350,4498,240
Vendor 146,Vendor 146,4494,24
Vendor 178,Vendor 178,4476,12
Vendor 2615,Vendor 2615,4471,2
Vendor 131,Vendor 131,4466,24
MUNSELL DAVID W.,MUNSELL DAVID W.,4463,12
Vendor 196,Vendor 196,4459,12
Vendor 583,Vendor 583,4451,48
Vendor 305,Vendor 305,4446,4
Vendor 5618,Vendor 5618,4443,2
Vendor 195,Vendor 195,4440,12
END Systems,END Systems,4428,48
Vendor 96,Vendor 96,4413,24
Vendor 369,Vendor 369,4401,80
Vendor 188,Vendor 188,4394,12
Vendor 2617,Vendor 2617,4391,2
Vendor 446,Vendor 446,4389,40
Vendor 190,Vendor 190,4379,12
Vendor 442,Vendor 442,4343,40
Vendor 590,Vendor 590,4337,48
Vendor 381,Vendor 381,4326,80
Bronto Software,Bronto Software,4322,48
Vendor 962,Vendor 962,4318,528
Vendor 377,Vendor 377,4299,80
Vendor 29,Vendor 29,4297,120
Vendor 974,Vendor 974,4295,528
Vendor 946,Vendor 946,4265,528
Vendor 331,Vendor 331,4261,240
Vendor 581,Vendor 581,4208,48
Vendor 169,Vendor 169,4206,12
Vendor 166,Vendor 166,4199,12
Vendor 948,Vendor 948,4196,528
Vendor 388,Vendor 388,4193,80
MDI Group,MDI Group,4186,120
Vendor 201,Vendor 201,4183,12
Vendor 298,Vendor 298,4183,4
Vendor 934,Vendor 934,4178,72
NH Services,NH Services,4148,108
Vendor 994,Vendor 994,4131,528
Monitor Group,Monitor Group,4101,72
Vendor 952,Vendor 952,4074,528
Vendor 970,Vendor 970,4059,528
Pacific Office Supplies,Pacific Office Supplies,4057,108
Vendor 170,Vendor 170,4049,12
Vendor 580,Vendor 580,4039,48
Vendor 205,Vendor 205,4034,12
Vendor 181,Vendor 181,4033,12
Jenner Office Printing,Jenner Office Printing,4019,144
Vendor 940,Vendor 940,4014,528
Vendor 577,Vendor 577,3977,48
Vendor 339,Vendor 339,3973,240
Vendor 346,Vendor 346,3959,240
Vendor 438,Vendor 438,3955,40
Vendor 248,Vendor 248,3932,64
Vendor 607,Vendor 607,3927,48
Vendor 95,Vendor 95,3915,24
Vendor 431,Vendor 431,3910,40
Vendor 599,Vendor 599,3901,48
Vendor 297,Vendor 297,3888,4
Vendor 435,Vendor 435,3864,40
Vendor 953,Vendor 953,3862,528
Vendor 333,Vendor 333,3835,240
Vendor 368,Vendor 368,3832,80
Charles River Appraisals,Charles River Appraisals,3828,6
J Chet Rogers LLC,J Chet Rogers LLC,3828,6
Vendor 271,Vendor 271,3824,4
Office Florists,Office Florists,3820,120
Vendor 295,Vendor 295,3818,4
Vendor 443,Vendor 443,3818,40
Vendor 774,Vendor 774,3785,144
Vendor 367,Vendor 367,3783,80
Vendor 588,Vendor 588,3776,48
Vendor 437,Vendor 437,3772,40
Vendor 613,Vendor 613,3767,8
Vendor 385,Vendor 385,3760,80
Vendor 371,Vendor 371,3754,80
TriCom Technical Services,TriCom Technical Services,3719,120
Harvard Supplies,Harvard Supplies,3718,216
Vendor 35,Vendor 35,3692,24
Vendor 617,Vendor 617,3692,2
Vendor 242,Vendor 242,3663,64
Vendor 348,Vendor 348,3656,240
Vendor 372,Vendor 372,3643,80
Vendor 584,Vendor 584,3627,48
Vendor 3617,Vendor 3617,3626,2
ACME Corp,ACME Corp,3623,48
Vendor 659,Vendor 659,3583,24
Vendor 28,Vendor 28,3578,120
Vendor 2697,Vendor 2697,3566,1
Vendor 579,Vendor 579,3537,48
Vendor 276,Vendor 276,3521,4
Ed Smith and Associates,Ed Smith and Associates,3516,12
Vendor 936,Vendor 936,3516,528
Vendor 594,Vendor 594,3494,48
Vendor 5616,Vendor 5616,3488,2
Vendor 432,Vendor 432,3474,40
Vendor 41,Vendor 41,3473,24
Vendor 444,Vendor 444,3425,40
Vendor 933,Vendor 933,3402,72
Vendor 332,Vendor 332,3398,240
Vendor 657,Vendor 657,3397,24
Vendor 652,Vendor 652,3387,24
Vendor 302,Vendor 302,3373,4
Vendor 3697,Vendor 3697,3367,1
Vendor 274,Vendor 274,3357,4
Vendor 961,Vendor 961,3355,528
Vendor 292,Vendor 292,3353,4
Vendor 956,Vendor 956,3350,528
Vendor 589,Vendor 589,3345,48
Keurig Green Mountain,Keurig Systems,3333,120
Vendor 955,Vendor 955,3324,528
Vendor 937,Vendor 937,3322,528
Vendor 62,Vendor 62,3305,24
Vendor 269,Vendor 269,3300,4
Vendor 593,Vendor 593,3297,48
Vendor 603,Vendor 603,3268,48
Vendor 658,Vendor 658,3267,24
Vendor 55,Vendor 55,3242,24
Vendor 130,Vendor 130,3241,24
Vendor 1647,Vendor 1647,3234,2
Vendor 585,Vendor 585,3230,48
Vendor 3688,Vendor 3688,3200,1
Vendor 303,Vendor 303,3196,4
Vendor 605,Vendor 605,3195,48
Atlantic Appraisal Associates,Atlantic Appraisal Associates,3189,6
Baseline Appraisal Services,Baseline Appraisal Services,3189,6
Gordon Appraisal Company,Gordon Appraisal Company,3189,6
Lincoln Appraisal,Lincoln Appraisal,3189,6
Vendor 308,Vendor 308,3184,4
Vendor 42,Vendor 42,3165,24
Vendor 143,Vendor 143,3156,24
Vendor 944,Vendor 944,3155,528
Vendor 1688,Vendor 1688,3154,1
Vendor 966,Vendor 966,3151,528
Vendor 94,Vendor 94,3148,24
Vendor 4697,Vendor 4697,3131,1
Vendor 272,Vendor 272,3125,4
Technology Partners Inc,Technology Partners Inc,3124,120
Vendor 38,Vendor 38,3119,24
Vendor 598,Vendor 598,3115,48
Vendor 145,Vendor 145,3114,24
Vendor 3831,Vendor 3831,3106,2
SNI Financial,SNI Financial,3089,120
Vendor 67,Vendor 67,3089,24
Vendor 68,Vendor 68,3063,24
Vendor 335,Vendor 335,3053,240
Vendor 404,Vendor 404,3044,80
Vendor 379,Vendor 379,3038,80
Vendor 245,Vendor 245,3036,64
Vendor 32,Vendor 32,3017,24
Vendor 93,Vendor 93,3008,24
AAA Locksmith,AAA Locksmith,2995,80
Staffing First,Staffing First,2983,120
Babble Language Software,Babble Language Software,2969,48
Dragon Software,Dragon Software,2950,48
Lily Energy Management,Lily Energy Management,2946,48
The Salem Group,The Salem Group,2924,120
Vendor 129,Vendor 129,2905,24
ATM Supply Central,ATM Supply Central,2904,119
Vendor 70,Vendor 70,2897,24
Enphase Energy,Enphase Energy,2855,48
Vendor 387,Vendor 387,2850,80
Vendor 300,Vendor 300,2844,4
Vendor 266,Vendor 266,2839,4
Acton Printing,Acton Printing,2831,1
Vendor 374,Vendor 374,2830,80
Vendor 947,Vendor 947,2827,528
Virtusa Consulting,Virtusa Consulting,2814,2
Fosdick Services,Fosdick Services,2809,2
OpenText,OpenText,2808,48
Vendor 144,Vendor 144,2803,24
Vendor 246,Vendor 246,2790,64
Spears Anlaytics,Spears Anlaytics,2786,2
Vendor 451,Vendor 451,2784,24
New York Times Co,Boston Globe,2780,216
Vendor 396,Vendor 396,2780,80
Vendor 969,Vendor 969,2777,528
Vendor 600,Vendor 600,2768,48
Irving Consulting,Irving Consulting,2755,2
Vendor 943,Vendor 943,2748,528
Vendor 48,Vendor 48,2747,24
Vendor 349,Vendor 349,2734,240
Vendor 963,Vendor 963,2733,528
Starbucks Coffee Co,Starbucks,2708,120
Northeast Office Supplies,Northeast Office Supplies,2695,216
Vendor 400,Vendor 400,2687,80
Vendor 390,Vendor 390,2685,80
Vendor 218,Vendor 218,2680,64
Vendor 932,Vendor 932,2677,72
Vendor 263,Vendor 263,2674,4
Vendor 964,Vendor 964,2666,528
Vendor 59,Vendor 59,2661,24
Vendor 3614,Vendor 3614,2653,2
Vendor 65,Vendor 65,2648,24
St Regis Hotel New York,St Regis Hotel New York,2638,12
Rumery and Smith,Rumery and Smith,2634,12
Vendor 60,Vendor 60,2626,24
Vendor 602,Vendor 602,2604,48
Vendor 733,Vendor 733,2597,24
Wales Print Shop,Wales Print Shop,2588,1
Vendor 397,Vendor 397,2586,80
Vendor 286,Vendor 286,2565,4
Belorian Appraisal Group,Belorian Appraisal Group,2553,6
Colonial Appraisal,Colonial Appraisal,2553,6
Lew Hatch,Lew Hatch,2553,6
Vendor 402,Vendor 402,2545,80
Vendor 975,Vendor 975,2539,528
Vendor 34,Vendor 34,2537,24
Vendor 268,Vendor 268,2519,4
Vendor 378,Vendor 378,2518,80
Vendor 370,Vendor 370,2511,80
Vendor 26,Vendor 26,2506,120
Vendor 945,Vendor 945,2499,528
Vendor 403,Vendor 403,2496,80
Vendor 394,Vendor 394,2492,80
Vendor 578,Vendor 578,2474,48
Vendor 592,Vendor 592,2449,48
Vendor 50,Vendor 50,2443,24
Vendor 395,Vendor 395,2430,80
Vendor 931,Vendor 931,2379,72
Vendor 7616,Vendor 7616,2368,2
Vendor 519,Vendor 519,2366,120
Vendor 55519,Vendor 55519,2366,120
Vendor 606,Vendor 606,2353,48
Vendor 232,Vendor 232,2345,64
Vendor 40,Vendor 40,2335,24
Vendor 264,Vendor 264,2327,4
Vendor 520,Vendor 520,2324,120
Vendor 517,Vendor 517,2311,120
Vendor 55517,Vendor 55517,2311,120
Vendor 92,Vendor 92,2310,24
Vendor 1617,Vendor 1617,2309,2
Vendor 515,Vendor 515,2303,120
Vendor 935,Vendor 935,2303,528
Vendor 55515,Vendor 55515,2303,120
Vendor 46,Vendor 46,2293,24
Vendor 47,Vendor 47,2278,24
Vendor 140,Vendor 140,2272.5,24
Vendor 299,Vendor 299,2272,4
Vendor 194,Vendor 194,2269,12
Vendor 604,Vendor 604,2269,48
Vendor 127,Vendor 127,2261,24
Vendor 2832,Vendor 2832,2253,1
Vendor 282,Vendor 282,2242,4
Vendor 518,Vendor 518,2235,120
Vendor 55518,Vendor 55518,2235,120
Vendor 407,Vendor 407,2233,80
Vendor 514,Vendor 514,2224,120
Vendor 55514,Vendor 55514,2224,120
Vendor 54,Vendor 54,2221,24
Vendor 384,Vendor 384,2204,80
Vendor 244,Vendor 244,2175,64
Vendor 971,Vendor 971,2175,528
DS Services of America,Crystal Springs Water,2170,120
Workforce Logiq,ZeroChaos,2166,120
Vendor 739,Vendor 739,2159,24
Vendor 601,Vendor 601,2155,48
Vendor 233,Vendor 233,2147,64
Vendor 265,Vendor 265,2100,4
Vendor 280,Vendor 280,2098,4
Vendor 288,Vendor 288,2095,4
Vendor 393,Vendor 393,2084,80
Vendor 49,Vendor 49,2084,24
Vendor 142,Vendor 142,2072,24
Vendor 516,Vendor 516,2067,120
Vendor 55516,Vendor 55516,2067,120
Vendor 66,Vendor 66,2055,24
Vendor 1615,Vendor 1615,2051,2
Vendor 236,Vendor 236,2040,64
Vendor 819,Vendor 819,2038,216
Vendor 537,Vendor 537,2032,24
Vendor 71,Vendor 71,2029,24
Vendor 389,Vendor 389,2022,80
Vendor 582,Vendor 582,2021,48
Vendor 951,Vendor 951,2021,528
Yum Products Distribution,Yum Products Distribution,2005,144
Vendor 337,Vendor 337,1998,240
Vendor 544,Vendor 544,1996,72
Vendor 756,Vendor 756,1994,24
Vendor 279,Vendor 279,1991,4
Vendor 290,Vendor 290,1991,4
Vendor 405,Vendor 405,1987,80
Vendor 128,Vendor 128,1986,24
TriCom Tech Services,TriCom Tech Services,1976,120
Vendor 39,Vendor 39,1969,24
Vendor 812,Vendor 812,1960,216
Vendor 391,Vendor 391,1959,80
Vendor 267,Vendor 267,1953,4
Vendor 536,Vendor 536,1948,24
Vendor 398,Vendor 398,1940,80
Vendor 406,Vendor 406,1940,80
Vendor 930,Vendor 930,1922,72
Vendor 219,Vendor 219,1920,64
Vendor 296,Vendor 296,1919,4
Baldwin Company Inc.,Baldwin Company Inc.,1914,6
Danner Appraisal Services LLC,Danner Appraisal Services LLC,1914,6
Vendor 820,Vendor 820,1914,216
Vendor 25,Vendor 25,1911,120
Vendor 216,Vendor 216,1910,64
Vendor 814,Vendor 814,1898,216
Vendor 399,Vendor 399,1894,80
Vendor 558,Vendor 558,1889,48
Vendor 2694,Vendor 2694,1886,1
Vendor 61,Vendor 61,1866,24
Vendor 665,Vendor 665,1862,24
Vendor 546,Vendor 546,1858,72
Vendor 392,Vendor 392,1849,80
Vendor 561,Vendor 561,1834,48
Vendor 141,Vendor 141,1833,24
Arlington Paper,Arlington Paper,1808,216
Vendor 56,Vendor 56,1799,24
Vendor 6616,Vendor 6616,1799,2
Vendor 732,Vendor 732,1796,24
Vendor 816,Vendor 816,1795,216
Vendor 284,Vendor 284,1790,2
Debbies Staffing,Debbies Staffing,1789,1
Vendor 91,Vendor 91,1786,24
Vendor 752,Vendor 752,1781,24
Vendor 525,Vendor 525,1779,24
Vendor 664,Vendor 664,1776,24
Vendor 572,Vendor 572,1771,48
Vendor 220,Vendor 220,1767,64
Vendor 538,Vendor 538,1764,24
Vendor 58,Vendor 58,1760,24
Vendor 270,Vendor 270,1758,4
Vendor 1832,Vendor 1832,1758,1
Vendor 662,Vendor 662,1752,24
Vendor 543,Vendor 543,1748,72
Vendor 660,Vendor 660,1743,24
Vendor 663,Vendor 663,1742,24
Vendor 549,Vendor 549,1730,72
Vendor 818,Vendor 818,1730,216
Vendor 221,Vendor 221,1719,64
Vendor 72,Vendor 72,1710,24
Vendor 241,Vendor 241,1708,64
Vendor 574,Vendor 574,1705,48
Vendor 260,Vendor 260,1704,4
Vendor 684,Vendor 684,1687,72
Vendor 51,Vendor 51,1685,24
Vendor 929,Vendor 929,1685,72
Vendor 5551,Vendor 5551,1685,24
Vendor 813,Vendor 813,1684,216
Vendor 4831,Vendor 4831,1677,1
Vendor 566,Vendor 566,1670,48
Vendor 535,Vendor 535,1668,24
Vendor 531,Vendor 531,1666,24
Vendor 661,Vendor 661,1664,24
Vendor 53,Vendor 53,1662,24
Vendor 817,Vendor 817,1658,216
Vendor 307,Vendor 307,1644,4
Vendor 90,Vendor 90,1644,24
Vendor 552,Vendor 552,1639,72
Vendor 573,Vendor 573,1639,48
Vendor 522,Vendor 522,1638,24
Vendor 815,Vendor 815,1623,216
Vendor 777,Vendor 777,1616,144
Vendor 562,Vendor 562,1615,48
Vendor 294,Vendor 294,1599,4
Vendor 3832,Vendor 3832,1590,1
Vendor 527,Vendor 527,1588,24
Vendor 679,Vendor 679,1588,72
Vendor 575,Vendor 575,1586,48
Vendor 304,Vendor 304,1585,4
Vendor 125,Vendor 125,1583,24
Vendor 24,Vendor 24,1577,120
Vendor 551,Vendor 551,1576,72
Vendor 824,Vendor 824,1562,504
Vendor 554,Vendor 554,1557,72
Vendor 569,Vendor 569,1555,48
Vendor 1273,Vendor 1273,1552,1
Vendor 401,Vendor 401,1547,80
Vendor 524,Vendor 524,1544,24
Vendor 745,Vendor 745,1542,24
Vendor 680,Vendor 680,1540,72
Vendor 2614,Vendor 2614,1535,2
Have It Now,Have It Now,1531,144
Vendor 2647,Vendor 2647,1527,2
Vendor 834,Vendor 834,1526,504
Vendor 757,Vendor 757,1525,24
Vendor 228,Vendor 228,1522,64
Vendor 530,Vendor 530,1522,24
Vendor 261,Vendor 261,1518,4
Vendor 23,Vendor 23,1515,120
Vendor 243,Vendor 243,1514,64
Vendor 550,Vendor 550,1514,72
Vendor 215,Vendor 215,1505,64
Vendor 234,Vendor 234,1505,64
Vendor 45,Vendor 45,1505,24
Vendor 214,Vendor 214,1503,64
Vendor 63,Vendor 63,1496,24
Vendor 534,Vendor 534,1492,24
Vendor 533,Vendor 533,1489,24
Vendor 615,Vendor 615,1487,2
Vendor 831,Vendor 831,1484,490
Vendor 238,Vendor 238,1480,64
Vendor 44,Vendor 44,1479,24
Vendor 278,Vendor 278,1473,4
Vendor 958,Vendor 958,1472,192
Vendor 231,Vendor 231,1471,64
Vendor 563,Vendor 563,1466,48
Vendor 686,Vendor 686,1466,72
Vendor 556,Vendor 556,1458,72
Vendor 746,Vendor 746,1457,24
Vendor 541,Vendor 541,1455,72
Vendor 119,Vendor 119,1451,24
Vendor 928,Vendor 928,1446,72
Vendor 528,Vendor 528,1441,24
Vendor 753,Vendor 753,1438,24
Vendor 540,Vendor 540,1437,72
Vendor 669,Vendor 669,1437,72
Vendor 673,Vendor 673,1435,72
Vendor 742,Vendor 742,1434,24
Vendor 523,Vendor 523,1433,24
Vendor 126,Vendor 126,1429,24
Vendor 2273,Vendor 2273,1425,1
Vendor 553,Vendor 553,1423,72
Vendor 748,Vendor 748,1420,24
Vendor 526,Vendor 526,1418,24
Vendor 545,Vendor 545,1415,72
Vendor 557,Vendor 557,1410,72
Vendor 565,Vendor 565,1406,48
Vendor 728,Vendor 728,1401,24
Vendor 681,Vendor 681,1395,72
Vendor 960,Vendor 960,1378,528
Vendor 736,Vendor 736,1374,24
Vendor 840,Vendor 840,1372,504
Vendor 822,Vendor 822,1365,504
Vendor 826,Vendor 826,1351,504
Vendor 564,Vendor 564,1350,48
Vendor 738,Vendor 738,1324,24
Vendor 37,Vendor 37,1316,24
Vendor 667,Vendor 667,1316,72
Vendor 670,Vendor 670,1314,72
Vendor 548,Vendor 548,1313,72
Vendor 678,Vendor 678,1309,72
Vendor 222,Vendor 222,1308,64
Vendor 724,Vendor 724,1305,24
Vendor 687,Vendor 687,1304,72
Vendor 277,Vendor 277,1300,4
Vendor 237,Vendor 237,1296,64
Vendor 532,Vendor 532,1294,24
Vendor 559,Vendor 559,1292,48
Vendor 726,Vendor 726,1287,24
Vendor 567,Vendor 567,1279,48
Vendor 747,Vendor 747,1279,24
Elite Appraisal Group,Elite Appraisal Group,1275,6
Vendor 223,Vendor 223,1254,64
Vendor 751,Vendor 751,1253,24
Vendor 57,Vendor 57,1252,24
Vendor 576,Vendor 576,1249,48
Vendor 743,Vendor 743,1247,24
Vendor 672,Vendor 672,1246,72
Vendor 841,Vendor 841,1245,504
Vendor 275,Vendor 275,1244,4
Vendor 647,Vendor 647,1243,4
Vendor 124,Vendor 124,1237,24
Vendor 122,Vendor 122,1226,24
Vendor 240,Vendor 240,1226,64
Vendor 52,Vendor 52,1221,24
Vendor 571,Vendor 571,1219,48
Vendor 677,Vendor 677,1219,72
Vendor 676,Vendor 676,1213,72
Vendor 827,Vendor 827,1209,504
Vendor 560,Vendor 560,1207,48
Vendor 671,Vendor 671,1204,72
Vendor 22,Vendor 22,1203,120
Vendor 755,Vendor 755,1199,24
Vendor 235,Vendor 235,1193,64
Vendor 273,Vendor 273,1190,1
Vendor 846,Vendor 846,1186,504
Vendor 521,Vendor 521,1179,24
Vendor 729,Vendor 729,1177,24
Vendor 3273,Vendor 3273,1175,1
Vendor 542,Vendor 542,1174,72
Vendor 735,Vendor 735,1164,24
Vendor 666,Vendor 666,1161,72
Vendor 829,Vendor 829,1161,504
Vendor 683,Vendor 683,1160,72
Vendor 847,Vendor 847,1159,504
Vendor 281,Vendor 281,1158,4
Vendor 285,Vendor 285,1158,4
Vendor 927,Vendor 927,1153,72
Vendor 668,Vendor 668,1141,72
Vendor 89,Vendor 89,1140,24
Vendor 926,Vendor 926,1131,72
Vendor 707,Vendor 707,1122,24
Vendor 547,Vendor 547,1119,72
Vendor 229,Vendor 229,1118,64
Vendor 420,Vendor 420,1086,120
Vendor 709,Vendor 709,1086,24
Vendor 759,Vendor 759,1080,24
Vendor 568,Vendor 568,1079,48
Vendor 716,Vendor 716,1071,24
Vendor 699,Vendor 699,1070,120
Vendor 88,Vendor 88,1070,24
Vendor 591,Vendor 591,1068,48
Vendor 675,Vendor 675,1068,72
Vendor 828,Vendor 828,1052,504
Vendor 720,Vendor 720,1050,24
Vendor 701,Vendor 701,1049,120
Vendor 750,Vendor 750,1042,24
Vendor 418,Vendor 418,1035,120
Vendor 227,Vendor 227,1034,64
Vendor 842,Vendor 842,1030,504
Vendor 823,Vendor 823,1028,504
Vendor 737,Vendor 737,1027,24
Water Systems,Water Systems,1024,120
Vendor 706,Vendor 706,1021,24
Vendor 230,Vendor 230,1018,64
Vendor 239,Vendor 239,1012,64
Vendor 105,Vendor 105,1009,24
Vendor 703,Vendor 703,1007,120
Vendor 123,Vendor 123,1002,24
Vendor 31,Vendor 31,996,24
Vendor 5531,Vendor 5531,996,24
Vendor 710,Vendor 710,994,24
Vendor 685,Vendor 685,990,72
Vendor 306,Vendor 306,986,2
Vendor 291,Vendor 291,983,4
Vendor 700,Vendor 700,983,120
Vendor 845,Vendor 845,982,504
Vendor 115,Vendor 115,975,24
Vendor 760,Vendor 760,973,24
Vendor 722,Vendor 722,972,24
Vendor 835,Vendor 835,970,504
Vendor 21,Vendor 21,964,120
Vendor 702,Vendor 702,964,120
Vendor 33,Vendor 33,963,8
Vendor 100,Vendor 100,960,24
Vendor 423,Vendor 423,960,120
Vendor 539,Vendor 539,959,24
Vendor 844,Vendor 844,959,504
Vendor 1614,Vendor 1614,955,2
Vendor 87,Vendor 87,955,24
Vendor 705,Vendor 705,950,120
Automated Systems,Automated Systems,946,144
Vendor 740,Vendor 740,943,24
Vendor 106,Vendor 106,941,24
Vendor 113,Vendor 113,940,24
Vendor 416,Vendor 416,916,120
Vendor 555,Vendor 555,916,72
Vendor 713,Vendor 713,911,24
Vendor 110,Vendor 110,904,24
Vendor 117,Vendor 117,892,24
Vendor 225,Vendor 225,888,64
Vendor 744,Vendor 744,886,24
Vendor 43,Vendor 43,881,24
Vendor 112,Vendor 112,880,24
Vendor 741,Vendor 741,880,24
Vendor 704,Vendor 704,871,120
Vendor 717,Vendor 717,869,24
Vendor 413,Vendor 413,863,120
Vendor 1306,Vendor 1306,860,2
Vendor 838,Vendor 838,856,504
Vendor 108,Vendor 108,851,24
Vendor 570,Vendor 570,850,48
Vendor 715,Vendor 715,847,24
Vendor 719,Vendor 719,846,24
Vendor 412,Vendor 412,845,120
Vendor 708,Vendor 708,840,24
Vendor 259,Vendor 259,838,4
Vendor 36,Vendor 36,835,24
Vendor 116,Vendor 116,832,24
Vendor 529,Vendor 529,832,24
Vendor 839,Vendor 839,827,504
Vendor 114,Vendor 114,824,24
Vendor 848,Vendor 848,813,504
Vendor 833,Vendor 833,808,504
Vendor 674,Vendor 674,807,72
Vendor 226,Vendor 226,799,64
Vendor 118,Vendor 118,798,24
Vendor 723,Vendor 723,795,24
Vendor 111,Vendor 111,793,24
Vendor 422,Vendor 422,793,120
Vendor 19,Vendor 19,790,120
Vendor 836,Vendor 836,787,504
Vendor 86,Vendor 86,782,24
Vendor 749,Vendor 749,775,24
Vendor 714,Vendor 714,772,24
Vendor 287,Vendor 287,771,4
Vendor 718,Vendor 718,763,24
Vendor 20,Vendor 20,755,120
Vendor 712,Vendor 712,754,24
Vendor 425,Vendor 425,741,120
Vendor 107,Vendor 107,739,24
Vendor 725,Vendor 725,734,24
Vendor 411,Vendor 411,732,120
Vendor 3289,Vendor 3289,731,1
Vendor 711,Vendor 711,729,24
Vendor 283,Vendor 283,722,4
Vendor 614,Vendor 614,718,2
Vendor 408,Vendor 408,712,120
Vendor 721,Vendor 721,704,24
Vendor 104,Vendor 104,699,24
Vendor 101,Vendor 101,698,24
Vendor 64,Vendor 64,698,24
Vendor 85,Vendor 85,697,24
Vendor 415,Vendor 415,696,120
Vendor 421,Vendor 421,684,120
Vendor 424,Vendor 424,684,120
Vendor 103,Vendor 103,683,24
Vendor 837,Vendor 837,681,504
Vendor 417,Vendor 417,677,120
Vendor 419,Vendor 419,676,120
Vendor 217,Vendor 217,671,64
Vendor 763,Vendor 763,658,72
Vendor 120,Vendor 120,656,24
Vendor 682,Vendor 682,654,72
Vendor 427,Vendor 427,653,120
Vendor 2289,Vendor 2289,649,1
Vendor 825,Vendor 825,629,504
Vendor 767,Vendor 767,626,72
Vendor 18,Vendor 18,620,120
Vendor 102,Vendor 102,619,24
Vendor 832,Vendor 832,616,500
Vendor 121,Vendor 121,607,24
Vendor 1289,Vendor 1289,598,1
Vendor 923,Vendor 923,595,72
Vendor 925,Vendor 925,594,72
Vendor 771,Vendor 771,584,72
Vendor 849,Vendor 849,584,504
Vendor 766,Vendor 766,570,72
Vendor 758,Vendor 758,569,24
Vendor 769,Vendor 769,565,72
Vendor 410,Vendor 410,564,120
Vendor 82,Vendor 82,564,24
Vendor 830,Vendor 830,564,504
Vendor 289,Vendor 289,554,1
Vendor 224,Vendor 224,552,64
Solent Corp,Solent Corp,551,144
Vendor 69,Vendor 69,550,24
Vendor 772,Vendor 772,548,72
Vendor 734,Vendor 734,542,24
Wonka Products,Wonka Products,541,288
Vendor 843,Vendor 843,536,504
Vendor 764,Vendor 764,535,72
Vendor 409,Vendor 409,534,120
Vendor 414,Vendor 414,531,120
Vendor 770,Vendor 770,523,72
Vendor 109,Vendor 109,515,24
Vendor 727,Vendor 727,513,24
Vendor 84,Vendor 84,513,24
Vendor 768,Vendor 768,500,72
Vendor 754,Vendor 754,497,24
Vendor 765,Vendor 765,495,72
Vendor 761,Vendor 761,490,24
Soylent Corp,Soylent Corp,489,144
Western Water Services,Western Water Services,486,24
Vendor 821,Vendor 821,484,504
Vendor 426,Vendor 426,479,120
Vendor 924,Vendor 924,471,72
Vendor 16,Vendor 16,422,120
Vendor 14,Vendor 14,402,120
Vendor 919,Vendor 919,392,72
Vendor 6033,Vendor 6033,386,2
Vendor 1284,Vendor 1284,383,2
Vendor 807,Vendor 807,371,168
Vendor 921,Vendor 921,370,72
Vendor 17,Vendor 17,369,120
Vendor 920,Vendor 920,369,72
Vendor 731,Vendor 731,363,24
Vendor 730,Vendor 730,356,24
Vendor 15,Vendor 15,335,120
Vendor 83,Vendor 83,333,24
Vendor 800,Vendor 800,331,168
Vendor 13,Vendor 13,322,120
Vendor 5033,Vendor 5033,319,3
Vendor 798,Vendor 798,317,168
Vendor 4033,Vendor 4033,311,2
Vendor 808,Vendor 808,299,168
Vendor 802,Vendor 802,294,168
Vendor 805,Vendor 805,280,168
Vendor 796,Vendor 796,278,168
Vendor 762,Vendor 762,277,24
Vendor 1033,Vendor 1033,272,2
Vendor 809,Vendor 809,271,168
Vendor 914,Vendor 914,270,72
Vendor 922,Vendor 922,260,72
Vendor 8033,Vendor 8033,257,2
Vendor 799,Vendor 799,255,168
Vendor 806,Vendor 806,253,168
Vendor 801,Vendor 801,252,168
Vendor 5003,Vendor 5003,250,1
Vendor 811,Vendor 811,249,168
Vendor 904,Vendor 904,248,72
Vendor 5018,Vendor 5018,246,1
Vendor 12,Vendor 12,244,120
Vendor 5005,Vendor 5005,243,1
Vendor 5015,Vendor 5015,243,1
Vendor 5088,Vendor 5088,242,1
Vendor 5036,Vendor 5036,240,1
Vendor 5107,Vendor 5107,240,1
Vendor 555107,Vendor 555107,240,1
Vendor 797,Vendor 797,239,168
Vendor 5053,Vendor 5053,238,1
Vendor 910,Vendor 910,233,72
Vendor 903,Vendor 903,231,72
Vendor 905,Vendor 905,231,72
Vendor 5058,Vendor 5058,231,1
Vendor 11,Vendor 11,230,120
Vendor 906,Vendor 906,230,72
Vendor 5078,Vendor 5078,228,1
Vendor 5034,Vendor 5034,226,1
Vendor 917,Vendor 917,225,72
Vendor 5068,Vendor 5068,223,1
Vendor 5106,Vendor 5106,223,1
Vendor 555106,Vendor 555106,223,1
Vendor 804,Vendor 804,221,168
Vendor 5042,Vendor 5042,220,1
Vendor 5100,Vendor 5100,219,1
Vendor 555100,Vendor 555100,219,1
Vendor 5049,Vendor 5049,217,1
Vendor 810,Vendor 810,216,168
Vendor 5057,Vendor 5057,216,1
Vendor 5010,Vendor 5010,214,1
Vendor 901,Vendor 901,213,72
Vendor 5077,Vendor 5077,210,1
Vendor 5009,Vendor 5009,209,1
Vendor 5017,Vendor 5017,208,1
Vendor 5056,Vendor 5056,208,1
Vendor 5098,Vendor 5098,208,1
Vendor 803,Vendor 803,204,168
Vendor 899,Vendor 899,204,72
Vendor 5076,Vendor 5076,204,1
Vendor 902,Vendor 902,201,72
Vendor 900,Vendor 900,200,72
Vendor 916,Vendor 916,198,72
Vendor 918,Vendor 918,198,72
Vendor 5031,Vendor 5031,198,1
Vendor 911,Vendor 911,195,72
Vendor 913,Vendor 913,195,72
Vendor 5097,Vendor 5097,195,1
Vendor 5099,Vendor 5099,195,1
Vendor 5102,Vendor 5102,195,1
Vendor 555102,Vendor 555102,195,1
Vendor 892,Vendor 892,194,72
Vendor 5059,Vendor 5059,189,1
Vendor 5089,Vendor 5089,189,1
Vendor 5081,Vendor 5081,188,1
Vendor 5103,Vendor 5103,187,1
Vendor 555103,Vendor 555103,187,1
Vendor 893,Vendor 893,184,72
Vendor 897,Vendor 897,184,72
Vendor 5051,Vendor 5051,184,1
Vendor 915,Vendor 915,181,72
Vendor 7033,Vendor 7033,180,2
Vendor 5040,Vendor 5040,180,1
Vendor 896,Vendor 896,179,72
Vendor 5001,Vendor 5001,179,1
Vendor 5090,Vendor 5090,177,1
Vendor 5021,Vendor 5021,174,1
Vendor 5035,Vendor 5035,174,1
Vendor 898,Vendor 898,170,72
Vendor 5093,Vendor 5093,170,1
Vendor 5060,Vendor 5060,165,1
Vendor 2033,Vendor 2033,164,2
Vendor 894,Vendor 894,164,72
Vendor 5066,Vendor 5066,164,1
Vendor 5075,Vendor 5075,162,1
Vendor 908,Vendor 908,161,72
Vendor 5030,Vendor 5030,161,1
Vendor 5023,Vendor 5023,160,1
Vendor 5105,Vendor 5105,158,1
Vendor 555105,Vendor 555105,158,1
Vendor 5041,Vendor 5041,157,1
Vendor 5007,Vendor 5007,155,1
Vendor 5008,Vendor 5008,155,1
Vendor 5020,Vendor 5020,155,1
Vendor 5109,Vendor 5109,155,1
Vendor 555109,Vendor 555109,155,1
Vendor 5083,Vendor 5083,154,1
Vendor 5070,Vendor 5070,153,1
Vendor 5071,Vendor 5071,151,1
Vendor 5101,Vendor 5101,149,1
Vendor 555101,Vendor 555101,149,1
Vendor 5028,Vendor 5028,146,1
Vendor 5037,Vendor 5037,141,1
Vendor 5085,Vendor 5085,141,1
Vendor 5000,Vendor 5000,140,1
Vendor 5002,Vendor 5002,138,1
Vendor 5026,Vendor 5026,138,1
Vendor 5004,Vendor 5004,136,1
Vendor 5052,Vendor 5052,134,1
Vendor 912,Vendor 912,133,72
Vendor 907,Vendor 907,132,72
Vendor 5024,Vendor 5024,132,1
Vendor 5069,Vendor 5069,131,1
Vendor 5074,Vendor 5074,128,1
Vendor 5011,Vendor 5011,127,1
Vendor 909,Vendor 909,126,72
Vendor 5039,Vendor 5039,126,1
Vendor 5025,Vendor 5025,124,1
Vendor 5084,Vendor 5084,123,1
Vendor 5027,Vendor 5027,121,1
Vendor 895,Vendor 895,119,72
Vendor 5073,Vendor 5073,118,1
Vendor 3033,Vendor 3033,114,2
Vendor 5046,Vendor 5046,114,1
Vendor 5104,Vendor 5104,107,1
Vendor 555104,Vendor 555104,107,1
Vendor 5055,Vendor 5055,106,1
Vendor 5043,Vendor 5043,105,1
Vendor 5047,Vendor 5047,104,1
Vendor 5108,Vendor 5108,103,1
Vendor 555108,Vendor 555108,103,1
Vendor 5064,Vendor 5064,99,1
Vendor 5050,Vendor 5050,98,1
Vendor 5013,Vendor 5013,97,1
Vendor 5006,Vendor 5006,95,1
Vendor 5029,Vendor 5029,91,1
Vendor 5082,Vendor 5082,83,1
Vendor 5045,Vendor 5045,81,1
Vendor 5094,Vendor 5094,81,1
Vendor 5062,Vendor 5062,80,1
Vendor 5016,Vendor 5016,78,1
Vendor 5091,Vendor 5091,77,1
Vendor 5092,Vendor 5092,74,1
Vendor 5012,Vendor 5012,72,1
Vendor 5065,Vendor 5065,70,1
Vendor 5086,Vendor 5086,70,1
Vendor 5067,Vendor 5067,69,1
Vendor 5019,Vendor 5019,68,1
Vendor 5061,Vendor 5061,67,1
Vendor 5054,Vendor 5054,65,1
Vendor 5096,Vendor 5096,64,1
Vendor 5048,Vendor 5048,63,1
Vendor 5079,Vendor 5079,63,1
Vendor 5014,Vendor 5014,62,1
Vendor 5032,Vendor 5032,62,1
Vendor 5044,Vendor 5044,61,1
Vendor 5022,Vendor 5022,59,1
Vendor 5038,Vendor 5038,59,1
Vendor 5063,Vendor 5063,59,1
Vendor 5087,Vendor 5087,56,1
Vendor 5095,Vendor 5095,56,1
Vendor 5072,Vendor 5072,53,1
Vendor 5080,Vendor 5080,50,1
Vendor 27,Vendor 27,29,1
Vendor 2995,Vendor 2995,20,6
Vendor 2831,Vendor 2831,15,4
Vendor 1831,Vendor 1831,14,4
Vendor 1995,Vendor 1995,9,3
